cidade,tipo_transacao,tipo_imovel,superficie_m2,superficie_terreno_m2,num_divisoes,num_quartos,preco,dpe_classe,ano_construcao,agencia_nome,url_anuncio
Thonon,venda,,,,,,,,,CENTURY 21 Chablais-Léman Thonon,https://www.century21-chablais-leman-thonon.com/trouver_logement/detail/12405372287/
Thonon,venda,,,,,,,,,CENTURY 21 Chablais-Léman Thonon,https://www.century21-chablais-leman-thonon.com/trouver_logement/detail/13746731015/
Thonon,venda,,,,,,,,,CENTURY 21 Chablais-Léman Thonon,https://www.century21-chablais-leman-thonon.com/trouver_logement/detail/15659685356/
Thonon,venda,,,,,,,,,CENTURY 21 Chablais-Léman Thonon,https://www.century21-chablais-leman-thonon.com/trouver_logement/detail/15728022506/
Thonon,venda,,,,,,,,,CENTURY 21 Chablais-Léman Thonon,https://www.century21-chablais-leman-thonon.com/trouver_logement/detail/15727968383/
Thonon,venda,,,,,,,,,CENTURY 21 Chablais-Léman Thonon,https://www.century21-chablais-leman-thonon.com/trouver_logement/detail/12620021510/
Thonon,venda,,,,,,,,,CENTURY 21 Chablais-Léman Thonon,https://www.century21-chablais-leman-thonon.com/trouver_logement/detail/12339243482/
Thonon,venda,,,,,,,,,CENTURY 21 Chablais-Léman Thonon,https://www.century21-chablais-leman-thonon.com/trouver_logement/detail/15594868636/
Thonon,venda,,,,,,,,,CENTURY 21 Chablais-Léman Thonon,https://www.century21-chablais-leman-thonon.com/trouver_logement/detail/15784494331/
Thonon,venda,,,,,,,,,CENTURY 21 Chablais-Léman Thonon,https://www.century21-chablais-leman-thonon.com/trouver_logement/detail/16350251916/
Thonon,venda,,,,,,,,,CENTURY 21 Chablais-Léman Thonon,https://www.century21-chablais-leman-thonon.com/trouver_logement/detail/15101775887/
Thonon,venda,,,,,,,,,CENTURY 21 Chablais-Léman Thonon,https://www.century21-chablais-leman-thonon.com/trouver_logement/detail/15273980963/
Thonon,venda,,,,,,,,,CENTURY 21 Chablais-Léman Thonon,https://www.century21-chablais-leman-thonon.com/trouver_logement/detail/9378457098/
Thonon,venda,,,,,,,,,CENTURY 21 Chablais-Léman Thonon,https://www.century21-chablais-leman-thonon.com/trouver_logement/detail/15576327059/
Thonon,venda,,,,,,,,,CENTURY 21 Chablais-Léman Thonon,https://www.century21-chablais-leman-thonon.com/trouver_logement/detail/14470736025/
Thonon,venda,,,,,,,,,CENTURY 21 Chablais-Léman Thonon,https://www.century21-chablais-leman-thonon.com/trouver_logement/detail/16328066820/
Thonon,venda,,,,,,,,,CENTURY 21 Chablais-Léman Thonon,https://www.century21-chablais-leman-thonon.com/trouver_logement/detail/16436700333/
Thonon,venda,,,,,,,,,CENTURY 21 Chablais-Léman Thonon,https://www.century21-chablais-leman-thonon.com/trouver_logement/detail/15455863647/
Thonon,venda,,,,,,,,,CENTURY 21 Chablais-Léman Thonon,https://www.century21-chablais-leman-thonon.com/trouver_logement/detail/15698583939/
Thonon,venda,,,,,,,,,CENTURY 21 Chablais-Léman Thonon,https://www.century21-chablais-leman-thonon.com/trouver_logement/detail/15273893649/
Thonon,venda,,,,,,,,,CENTURY 21 Chablais-Léman Thonon,https://www.century21-chablais-leman-thonon.com/trouver_logement/detail/15424267861/
Thonon,venda,,,,,,,,,CENTURY 21 Chablais-Léman Thonon,https://www.century21-chablais-leman-thonon.com/trouver_logement/detail/16008570404/
Thonon,venda,,,,,,,,,CENTURY 21 Chablais-Léman Thonon,https://www.century21-chablais-leman-thonon.com/trouver_logement/detail/15739327136/
Thonon,venda,,,,,,,,,CENTURY 21 Chablais-Léman Thonon,https://www.century21-chablais-leman-thonon.com/trouver_logement/detail/15188230467/
Thonon,venda,,,,,,,,,CENTURY 21 Chablais-Léman Thonon,https://www.century21-chablais-leman-thonon.com/trouver_logement/detail/15169344414/
Thonon,venda,,,,,,,,,CENTURY 21 Chablais-Léman Thonon,https://www.century21-chablais-leman-thonon.com/trouver_logement/detail/14904994965/
Thonon,venda,,,,,,,,,CENTURY 21 Chablais-Léman Thonon,https://www.century21-chablais-leman-thonon.com/trouver_logement/detail/14797209411/
Thonon,venda,,,,,,,,,CENTURY 21 Chablais-Léman Thonon,https://www.century21-chablais-leman-thonon.com/trouver_logement/detail/13161135686/
Thonon,venda,,,,,,,,,CENTURY 21 Chablais-Léman Thonon,https://www.century21-chablais-leman-thonon.com/trouver_logement/detail/12561492259/
Evian,venda,,,,,,,,,CENTURY 21 Chablais Léman Évian,https://www.century21-chablais-leman-evian.com/trouver_logement/detail/1789677240/
Evian,venda,,,,,,,,,CENTURY 21 Chablais Léman Évian,https://www.century21-chablais-leman-evian.com/trouver_logement/detail/14923850339/
Evian,venda,,,,,,,,,CENTURY 21 Chablais Léman Évian,https://www.century21-chablais-leman-evian.com/trouver_logement/detail/13791340105/
Evian,venda,,,,,,,,,CENTURY 21 Chablais Léman Évian,https://www.century21-chablais-leman-evian.com/trouver_logement/detail/13414895198/
Evian,venda,,,,,,,,,CENTURY 21 Chablais Léman Évian,https://www.century21-chablais-leman-evian.com/trouver_logement/detail/9741614785/
Evian,venda,,,,,,,,,CENTURY 21 Chablais Léman Évian,https://www.century21-chablais-leman-evian.com/trouver_logement/detail/14746489392/
Evian,venda,,,,,,,,,CENTURY 21 Chablais Léman Évian,https://www.century21-chablais-leman-evian.com/trouver_logement/detail/15274306251/
Evian,venda,,,,,,,,,CENTURY 21 Chablais Léman Évian,https://www.century21-chablais-leman-evian.com/trouver_logement/detail/14053810205/
Evian,venda,,,,,,,,,CENTURY 21 Chablais Léman Évian,https://www.century21-chablais-leman-evian.com/trouver_logement/detail/15285488934/
Evian,venda,,,,,,,,,CENTURY 21 Chablais Léman Évian,https://www.century21-chablais-leman-evian.com/trouver_logement/detail/15274098956/
Thonon,venda,,,,,,,,,CENTURY 21 Chablais-Léman Thonon,https://www.century21-chablais-leman-thonon.com/trouver_logement/detail/12339176869/
Thonon,venda,,,,,,,,,CENTURY 21 Chablais-Léman Thonon,https://www.century21-chablais-leman-thonon.com/trouver_logement/detail/13746493712/
Thonon,venda,,,,,,,,,CENTURY 21 Chablais-Léman Thonon,https://www.century21-chablais-leman-thonon.com/trouver_logement/detail/10236926397/
Thonon,venda,,,,,,,,,CENTURY 21 Chablais-Léman Thonon,https://www.century21-chablais-leman-thonon.com/trouver_logement/detail/10236910189/
Evian,venda,,,,,,,,,CENTURY 21 Chablais Léman Évian,https://www.century21-chablais-leman-evian.com/trouver_logement/detail/15379473339/
Thonon,venda,,,,,,,,,CENTURY 21 Chablais-Léman Thonon,https://www.century21-chablais-leman-thonon.com/trouver_logement/detail/10236895467/
Thonon,venda,,,,,,,,,CENTURY 21 Chablais-Léman Thonon,https://www.century21-chablais-leman-thonon.com/trouver_logement/detail/10236871000/
Evian,venda,,,,,,,,,CENTURY 21 Chablais Léman Évian,https://www.century21-chablais-leman-evian.com/trouver_logement/detail/15629099789/
Evian,venda,,,,,,,,,CENTURY 21 Chablais Léman Évian,https://www.century21-chablais-leman-evian.com/trouver_logement/detail/16154726461/
Thonon,venda,,,,,,,,,CENTURY 21 Chablais-Léman Thonon,https://www.century21-chablais-leman-thonon.com/trouver_logement/detail/10236922377/
Evian,venda,,,,,,,,,CENTURY 21 Chablais Léman Évian,https://www.century21-chablais-leman-evian.com/trouver_logement/detail/13091757617/
Evian,venda,,,,,,,,,CENTURY 21 Chablais Léman Évian,https://www.century21-chablais-leman-evian.com/trouver_logement/detail/3505095102/
Evian,venda,,,,,,,,,CENTURY 21 Chablais Léman Évian,https://www.century21-chablais-leman-evian.com/trouver_logement/detail/15219684997/
Evian,venda,,,,,,,,,CENTURY 21 Chablais Léman Évian,https://www.century21-chablais-leman-evian.com/trouver_logement/detail/15490396623/
Evian,venda,,,,,,,,,CENTURY 21 Chablais Léman Évian,https://www.century21-chablais-leman-evian.com/trouver_logement/detail/15868618418/
Evian,venda,,,,,,,,,CENTURY 21 Chablais Léman Évian,https://www.century21-chablais-leman-evian.com/trouver_logement/detail/14353070103/
Evian,venda,,,,,,,,,CENTURY 21 Chablais Léman Évian,https://www.century21-chablais-leman-evian.com/trouver_logement/detail/11552325441/
Evian,venda,,,,,,,,,CENTURY 21 Chablais Léman Évian,https://www.century21-chablais-leman-evian.com/trouver_logement/detail/15274237317/
Evian,venda,,,,,,,,,CENTURY 21 Chablais Léman Évian,https://www.century21-chablais-leman-evian.com/trouver_logement/detail/4952509793/
Evian,arrendamento,,,,,,,,,CENTURY 21 Chablais Léman Évian,https://www.century21-chablais-leman-evian.com/trouver_logement/detail/16200072152/
Evian,arrendamento,,,,,,,,,CENTURY 21 Chablais Léman Évian,https://www.century21-chablais-leman-evian.com/trouver_logement/detail/15531705963/
Evian,arrendamento,,,,,,,,,CENTURY 21 Chablais Léman Évian,https://www.century21-chablais-leman-evian.com/trouver_logement/detail/15742020133/
Evian,arrendamento,,,,,,,,,CENTURY 21 Chablais Léman Évian,https://www.century21-chablais-leman-evian.com/trouver_logement/detail/15689770665/
Evian,arrendamento,,,,,,,,,CENTURY 21 Chablais Léman Évian,https://www.century21-chablais-leman-evian.com/trouver_logement/detail/15835585450/
Evian,arrendamento,,,,,,,,,CENTURY 21 Chablais Léman Évian,https://www.century21-chablais-leman-evian.com/trouver_logement/detail/15423953945/
Thonon,venda,,,,,,,,,CENTURY 21 Chablais-Léman Thonon,https://www.century21-chablais-leman-thonon.com/trouver_logement/detail/16786309809/
Thonon,venda,,,,,,,,,CENTURY 21 Chablais-Léman Thonon,https://www.century21-chablais-leman-thonon.com/trouver_logement/detail/13746674658/
Thonon,venda,,,,,,,,,CENTURY 21 Chablais-Léman Thonon,https://www.century21-chablais-leman-thonon.com/trouver_logement/detail/12339201459/
Evian,venda,,,,,,,,,CENTURY 21 Chablais Léman Évian,https://www.century21-chablais-leman-evian.com/trouver_logement/detail/16074415184/
Evian,venda,,,,,,,,,CENTURY 21 Chablais Léman Évian,https://www.century21-chablais-leman-evian.com/trouver_logement/detail/13879976541/
Evian,venda,,,,,,,,,CENTURY 21 Chablais Léman Évian,https://www.century21-chablais-leman-evian.com/trouver_logement/detail/12175856510/
Evian,venda,,,,,,,,,CENTURY 21 Chablais Léman Évian,https://www.century21-chablais-leman-evian.com/trouver_logement/detail/15213902614/
Evian,venda,,,,,,,,,CENTURY 21 Chablais Léman Évian,https://www.century21-chablais-leman-evian.com/trouver_logement/detail/9452420647/
Evian,venda,,,,,,,,,CENTURY 21 Chablais Léman Évian,https://www.century21-chablais-leman-evian.com/trouver_logement/detail/7604373466/
Evian,venda,,,,,,,,,CENTURY 21 Chablais Léman Évian,https://www.century21-chablais-leman-evian.com/trouver_logement/detail/733395079/
Evian,venda,,,,,,,,,CENTURY 21 Chablais Léman Évian,https://www.century21-chablais-leman-evian.com/trouver_logement/detail/13510063441/
Evian,venda,,,,,,,,,CENTURY 21 Chablais Léman Évian,https://www.century21-chablais-leman-evian.com/trouver_logement/detail/15226698215/
Evian,venda,,,,,,,,,CENTURY 21 Chablais Léman Évian,https://www.century21-chablais-leman-evian.com/trouver_logement/detail/14746267043/
Evian,venda,,,,,,,,,CENTURY 21 Chablais Léman Évian,https://www.century21-chablais-leman-evian.com/trouver_logement/detail/11245889912/
Evian,venda,,,,,,,,,CENTURY 21 Chablais Léman Évian,https://www.century21-chablais-leman-evian.com/trouver_logement/detail/11245834972/
Evian,venda,,,,,,,,,CENTURY 21 Chablais Léman Évian,https://www.century21-chablais-leman-evian.com/trouver_logement/detail/11245814138/
Evian,venda,,,,,,,,,CENTURY 21 Chablais Léman Évian,https://www.century21-chablais-leman-evian.com/trouver_logement/detail/11245758109/
Evian,arrendamento,,,,,,,,,CENTURY 21 Chablais Léman Évian,https://www.century21-chablais-leman-evian.com/trouver_logement/detail/16010046032/
Evian,arrendamento,,,,,,,,,CENTURY 21 Chablais Léman Évian,https://www.century21-chablais-leman-evian.com/trouver_logement/detail/16008751237/
Evian,arrendamento,,,,,,,,,CENTURY 21 Chablais Léman Évian,https://www.century21-chablais-leman-evian.com/trouver_logement/detail/16811804985/
Evian,arrendamento,,,,,,,,,CENTURY 21 Chablais Léman Évian,https://www.century21-chablais-leman-evian.com/trouver_logement/detail/16668278673/
Evian,arrendamento,,,,,,,,,CENTURY 21 Chablais Léman Évian,https://www.century21-chablais-leman-evian.com/trouver_logement/detail/16668238425/
Thonon,venda,,152.0,,,,1567.0,,,BARNES Léman Thonon,https://www.barnes-leman.com/en/luxury-real-estate/thonon-les-bains-74200/house/house-thonon-les-bains-152-m2-7-bedrooms-513
Thonon,venda,,226.0,,,,2304.0,,,BARNES Léman Thonon,https://www.barnes-leman.com/en/luxury-real-estate/thonon-les-bains-74200/house/house-thonon-les-bains-226-m2-5-bedrooms-827
Thonon,venda,,,,,,,,,CENTURY 21 Chablais-Léman Thonon,https://www.century21-chablais-leman-thonon.com/trouver_logement/detail/15664262586/
Thonon,venda,,,,,,,,,CENTURY 21 Chablais-Léman Thonon,https://www.century21-chablais-leman-thonon.com/trouver_logement/detail/15273884285/
Evian,venda,,,,,,,,,CENTURY 21 Chablais Léman Évian,https://www.century21-chablais-leman-evian.com/trouver_logement/detail/15345690537/
Evian,venda,,,,,,,,,CENTURY 21 Chablais Léman Évian,https://www.century21-chablais-leman-evian.com/trouver_logement/detail/12331772638/
Evian,venda,,,,,,,,,CENTURY 21 Chablais Léman Évian,https://www.century21-chablais-leman-evian.com/trouver_logement/detail/11571013868/
Evian,venda,,,,,,,,,CENTURY 21 Chablais Léman Évian,https://www.century21-chablais-leman-evian.com/trouver_logement/detail/14746414607/
Evian,arrendamento,,,,,,,,,CENTURY 21 Chablais Léman Évian,https://www.century21-chablais-leman-evian.com/trouver_logement/detail/16436460327/
Thonon,venda,Apartamento,100.0,,4,3,298000.0,,,Laforêt Thonon-Évian,https://www.laforet.com/agence-immobiliere/thonon-evian/acheter/thonon-les-bains/appartement-4-pieces-52789637
Thonon,venda,Apartamento,75.0,,3,2,210000.0,,,Laforêt Thonon-Évian,https://www.laforet.com/agence-immobiliere/thonon-evian/acheter/thonon-les-bains/appartement-3-pieces-52703873
Thonon,venda,Comercial,268.0,,,,475000.0,,,Laforêt Thonon-Évian,https://www.laforet.com/agence-immobiliere/thonon-evian/acheter/thonon-les-bains/local-commercial-52686958
Thonon,venda,Comercial,200.0,,,,395000.0,,,Laforêt Thonon-Évian,https://www.laforet.com/agence-immobiliere/thonon-evian/acheter/thonon-les-bains/local-commercial-52648354
Thonon,venda,,235.0,,,,2010.0,,,BARNES Léman Thonon,https://www.barnes-leman.com/en/luxury-real-estate/thonon-les-bains-74200/house/house-thonon-les-bains-240-m2-8-bedrooms-703
Evian,venda,Apartamento,30.91,,,,,,,Cabinet Greneche,https://grenecheimmo.fr/fr/propriete/vente+appartement+thonon-les-bains+studio-avec-jardin-thonon-les-bains+86448556
Thonon,venda,Apartamento,19.0,,1,,109000.0,,,Laforêt Thonon-Évian,https://www.laforet.com/agence-immobiliere/thonon-evian/acheter/thonon-les-bains/appartement-1-piece-52558600
Thonon,venda,Casa,67.0,132.0,4,3,570000.0,,,Laforêt Thonon-Évian,https://www.laforet.com/agence-immobiliere/thonon-evian/acheter/thonon-les-bains/maison-4-pieces-52556087
Thonon,venda,Apartamento,40.0,,2,1,115000.0,,,Laforêt Thonon-Évian,https://www.laforet.com/agence-immobiliere/thonon-evian/acheter/thonon-les-bains/appartement-2-pieces-52534317
Thonon,venda,Apartamento,16.0,,1,1,90000.0,,,Laforêt Thonon-Évian,https://www.laforet.com/agence-immobiliere/thonon-evian/acheter/thonon-les-bains/appartement-1-piece-52803989
Thonon,venda,Apartamento,91.0,,4,3,592000.0,,,Laforêt Thonon-Évian,https://www.laforet.com/agence-immobiliere/thonon-evian/acheter/thonon-les-bains/appartement-4-pieces-52778750
Thonon,venda,Apartamento,84.0,,4,3,399000.0,,,Laforêt Thonon-Évian,https://www.laforet.com/agence-immobiliere/thonon-evian/acheter/thonon-les-bains/appartement-4-pieces-52648362
Thonon,venda,Apartamento,36.0,,2,1,169000.0,,,Laforêt Thonon-Évian,https://www.laforet.com/agence-immobiliere/thonon-evian/acheter/thonon-les-bains/appartement-2-pieces-52623760
Thonon,venda,Apartamento,76.0,,3,2,280000.0,,,Laforêt Thonon-Évian,https://www.laforet.com/agence-immobiliere/thonon-evian/acheter/thonon-les-bains/appartement-3-pieces-52584814
Thonon,venda,Casa,88.0,,5,3,431000.0,,,Laforêt Thonon-Évian,https://www.laforet.com/agence-immobiliere/thonon-evian/acheter/thonon-les-bains/maison-5-pieces-52577830
Thonon,venda,Apartamento,34.0,,2,1,194000.0,,,Laforêt Thonon-Évian,https://www.laforet.com/agence-immobiliere/thonon-evian/acheter/thonon-les-bains/appartement-2-pieces-52558897
Thonon,venda,Apartamento,19.0,,1,,118500.0,,,Laforêt Thonon-Évian,https://www.laforet.com/agence-immobiliere/thonon-evian/acheter/thonon-les-bains/appartement-1-piece-52558857
Thonon,venda,Apartamento,20.0,,1,,117500.0,,,Laforêt Thonon-Évian,https://www.laforet.com/agence-immobiliere/thonon-evian/acheter/thonon-les-bains/appartement-1-piece-52558799
Thonon,venda,,,,,,,,,Poirier Immobilier Thonon,https://www.poirier-immobilier.com/vente/6-thonon-les-bains/appartement/2360-appartement-de-type-5-de-96-80-m-en-hypercentre-avec-garage-cave-et-balcon
Thonon,venda,,,,,,,,,Poirier Immobilier Thonon,https://www.poirier-immobilier.com/vente/6-thonon-les-bains/appartement/2341-exclusivite-thonon-ouest-secteur-corzent
Evian,venda,Apartamento,82.0,,,,299000.0,,,Leman Property Évian,https://www.leman-property.com/vente/appartement/evian-les-bains/appartement-4-pieces-a-evian-les-bains-charme-et-confort-au-coeur-de-la-ville/
Thonon,venda,,,,,,,,,Cap Terrains Immo,https://capterrainsimmo.fr/bien/allinges-maison-87056890/
Thonon,venda,,,,,,,,,Cap Terrains Immo,https://capterrainsimmo.fr/bien/lyaud-maison-86399895/
Thonon,venda,,,,,,,,,Cap Terrains Immo,https://capterrainsimmo.fr/bien/lyaud-maison-87000066/
Thonon,venda,Apartamento,48.0,,2,1,229000.0,,,Laforêt Thonon-Évian,https://www.laforet.com/agence-immobiliere/thonon-evian/acheter/thonon-les-bains/appartement-2-pieces-52196464
Evian,venda,Comercial,149.0,,,,399000.0,,,Laforêt Thonon-Évian,https://www.laforet.com/agence-immobiliere/thonon-evian/acheter/evian-les-bains/local-commercial-22703258
Thonon,venda,Apartamento,68.0,,3,2,377000.0,,,Laforêt Thonon-Évian,https://www.laforet.com/agence-immobiliere/thonon-evian/acheter/thonon-les-bains/appartement-3-pieces-52232506
Thonon,venda,Apartamento,48.0,,2,1,275000.0,,,Laforêt Thonon-Évian,https://www.laforet.com/agence-immobiliere/thonon-evian/acheter/thonon-les-bains/appartement-2-pieces-52232479
Thonon,venda,Casa,109.0,746.0,5,4,529000.0,,,Laforêt Thonon-Évian,https://www.laforet.com/agence-immobiliere/thonon-evian/acheter/thonon-les-bains/maison-5-pieces-52196942
Thonon,venda,Apartamento,68.0,,3,2,325000.0,,,Laforêt Thonon-Évian,https://www.laforet.com/agence-immobiliere/thonon-evian/acheter/thonon-les-bains/appartement-3-pieces-52196898
Thonon,venda,Apartamento,45.0,,2,1,229000.0,,,Laforêt Thonon-Évian,https://www.laforet.com/agence-immobiliere/thonon-evian/acheter/thonon-les-bains/appartement-2-pieces-52196779
Thonon,venda,Apartamento,65.0,,3,2,319000.0,,,Laforêt Thonon-Évian,https://www.laforet.com/agence-immobiliere/thonon-evian/acheter/thonon-les-bains/appartement-3-pieces-52196857
Evian,venda,Comercial,147.0,,,,455000.0,,,Laforêt Thonon-Évian,https://www.laforet.com/agence-immobiliere/thonon-evian/acheter/evian-les-bains/local-commercial-52241987
Thonon,venda,,,,,,,,,Poirier Immobilier Thonon,https://www.poirier-immobilier.com/vente/6-thonon-les-bains/appartement/2456-spacieux-appartement-de-type-3-avec-garage-proche-centre-ville
Thonon,venda,,,,,,,,,Poirier Immobilier Thonon,https://www.poirier-immobilier.com/vente/6-thonon-les-bains/appartement/2411-thonon-ouest-un-cadre-de-vie-recherche
Thonon,venda,,,,,,,,,Poirier Immobilier Thonon,https://www.poirier-immobilier.com/vente/6-thonon-les-bains/appartement/2365-appartement-de-type-2-renove-avec-gout
Thonon,venda,,,,,,,,,Poirier Immobilier Thonon,https://www.poirier-immobilier.com/vente/6-thonon-les-bains/appartement/2364-exclusivite-appartement-de-type-3-au-port-de-thonon
Thonon,venda,Apartamento,87.0,241.0,4,3,429000.0,,,Laforêt Thonon-Évian,https://www.laforet.com/agence-immobiliere/thonon-evian/acheter/thonon-les-bains/appartement-4-pieces-21989784
Evian,venda,Comercial,149.0,,,,399000.0,,,Laforêt Thonon-Évian,https://www.laforet.com/agence-immobiliere/thonon-evian/acheter/evian-les-bains/bureau-21988815
Thonon,venda,Apartamento,,,,,290000.0,,,Laforêt Thonon-Évian,https://www.laforet.com/agence-immobiliere/thonon-evian/acheter/thonon-les-bains/appartement-21380766
Thonon,venda,Casa,160.0,1085.0,7,,325000.0,,,Laforêt Thonon-Évian,https://www.laforet.com/agence-immobiliere/thonon-evian/acheter/thonon-les-bains/maison-7-pieces-52813436
Thonon,venda,Apartamento,46.0,,3,2,175000.0,,,Laforêt Thonon-Évian,https://www.laforet.com/agence-immobiliere/thonon-evian/acheter/thonon-les-bains/appartement-3-pieces-52439660
Thonon,venda,Apartamento,59.0,,2,1,296000.0,,,Laforêt Thonon-Évian,https://www.laforet.com/agence-immobiliere/thonon-evian/acheter/thonon-les-bains/appartement-2-pieces-22694427
Thonon,venda,Apartamento,96.0,,4,3,624000.0,,,Laforêt Thonon-Évian,https://www.laforet.com/agence-immobiliere/thonon-evian/acheter/thonon-les-bains/appartement-4-pieces-21567437
Evian,venda,Comercial,120.0,,,,320000.0,,,Laforêt Thonon-Évian,https://www.laforet.com/agence-immobiliere/thonon-evian/acheter/evian-les-bains/local-commercial-22036522
Evian,venda,Comercial,289.0,,,,830000.0,,,Laforêt Thonon-Évian,https://www.laforet.com/agence-immobiliere/thonon-evian/acheter/evian-les-bains/local-commercial-21988822
Thonon,venda,,,,,,,,,Poirier Immobilier Thonon,https://www.poirier-immobilier.com/vente/6-thonon-les-bains/appartement/2339-t2-avec-double-vue-lac-balcons-cave-et-ascenseur
Thonon,venda,,,,,,,,,Poirier Immobilier Thonon,https://www.poirier-immobilier.com/vente/6-thonon-les-bains/appartement/2317-a-decouvrir-appartement-t2-avec-fort-potentiel-a-rafraichir-selon-vos-envies
Thonon,venda,,,,,,,,,Poirier Immobilier Thonon,https://www.poirier-immobilier.com/vente/6-thonon-les-bains/appartement/2240-thonon-les-bains-votre-ecrin-de-verdure-au-coeur-du-pillon
Evian,venda,,,,,,,,,Poirier Immobilier Évian,https://www.poirier-immobilier.com/vente/5-evian-les-bains/appartement/2452-studio-de-35m-avec-vue-lac-a-evian-les-bains
Evian,venda,,,,,,,,,Poirier Immobilier Évian,https://www.poirier-immobilier.com/vente/5-evian-les-bains/appartement/2362-appartement-a-evian-les-bains-vue-lac
Evian,venda,,,,,,,,,Poirier Immobilier Évian,https://www.poirier-immobilier.com/vente/5-evian-les-bains/appartement/2112-appartement-3-pieces-au-centre-ville-d-evian-les-bains
Evian,venda,,,,,,,,,Poirier Immobilier Évian,https://www.poirier-immobilier.com/vente/5-evian-les-bains/appartement/2010-appartement-de-standing-centre-ville-d-evian-les-bains
Evian,venda,,,,,,,,,Poirier Immobilier Évian,https://www.poirier-immobilier.com/vente/5-evian-les-bains/appartement/1933-appartement-3-pieces-a-evian-les-bains-avec-balcons-et-garage
Evian,venda,,,,,,,,,Poirier Immobilier Évian,https://www.poirier-immobilier.com/vente/5-evian-les-bains/appartement/1907-exceptionnel-appartement-de-standing-a-evian-les-bains-prestige
Evian,venda,,,,,,,,,Poirier Immobilier Évian,https://www.poirier-immobilier.com/vente/5-evian-les-bains/appartement/68-appartement-t3-centre-ville-d-evian-les-bains
Evian,venda,,,,4,,,,,Square Habitat Évian,https://www.squarehabitat.fr/annonces/programmes/achat-neuf/thonon-les-bains/a3575123-ba6d-4c63-9725-3af59864c7a3
Evian,venda,,,,4,,,,,Square Habitat Évian,https://www.squarehabitat.fr/annonces/programmes/achat-neuf/thonon-les-bains/1ff30d13-f137-4f93-a1cf-fc3ab023027a
Thonon,venda,,202.0,,,,2476.0,,,BARNES Léman Thonon,https://www.barnes-leman.com/en/luxury-real-estate/thonon-les-bains-74200/house/house-thonon-les-bains-202-m2-4-bedrooms-854
Thonon,venda,Casa,85.0,,4,3,245000.0,,,Laforêt Thonon-Évian,https://www.laforet.com/agence-immobiliere/thonon-evian/acheter/thonon-les-bains/maison-4-pieces-52407645
Thonon,venda,,416.0,,,,2302.0,,,BARNES Léman Thonon,https://www.barnes-leman.com/en/luxury-real-estate/thonon-les-bains-74200/property/property-thonon-les-bains-416-m2-4-bedrooms-858
Thonon,venda,,464.0,,,,2280.0,,,BARNES Léman Thonon,https://www.barnes-leman.com/en/luxury-real-estate/thonon-les-bains-74200/house/house-thonon-les-bains-425-m2-5-bedrooms-787
Thonon,venda,,,,,,,,,Cap Terrains Immo,https://capterrainsimmo.fr/bien/thonon-les-bains-maison-87006142/
Thonon,venda,,300.0,,,,2211.0,,,BARNES Léman Thonon,https://www.barnes-leman.com/en/luxury-real-estate/thonon-les-bains-74200/house/house-thonon-les-bains-300-m2-4-bedrooms-745
Evian,venda,Apartamento,43.88,,,,150000.0,,,Agence Barnoud Évian,https://www.barnoud-immobilier.fr/vente/74-haute-savoie/2-evian-les-bains/4-studio/9473-dernier-etage-vue-lac-studio-avec-beaucoup-de-charme/
Thonon,venda,Apartamento,44.0,,,,230000.0,,,Leman Property Thonon,https://www.leman-property.com/vente/appartement/thonon-les-bains/en-exclusivite-t2-rez-de-jardin-thonon-st-disdille/
Thonon,venda,,149.0,,,,2272.0,,,BARNES Léman Thonon,https://www.barnes-leman.com/en/luxury-real-estate/thonon-les-bains-74200/house/house-thonon-les-bains-149-m2-5-bedrooms-852
Evian,venda,Casa,101.74,,,,520000.0,,,Agence Barnoud Évian,https://www.barnoud-immobilier.fr/vente/74-haute-savoie/2-evian-les-bains/1-maison/t5/7576-chalet-en-bois-avec-pleine-vue-lac-leman/
Thonon,venda,,300.0,,,,1934.0,,,BARNES Léman Thonon,https://www.barnes-leman.com/en/luxury-real-estate/thonon-les-bains-74200/house/house-marin-300-m2-7-bedrooms-685
Thonon,venda,,58.0,,,,1811.0,,,BARNES Léman Thonon,https://www.barnes-leman.com/en/luxury-real-estate/thonon-les-bains-74200/apartment/apartment-thonon-les-bains-58-m2-1-bedroom-575
Evian,venda,Apartamento,50.0,,2,1,,,,Nestenn Évian,https://immobilier-evian-les-bains.nestenn.com/a-vendre-a-thonon-les-bains-t2-renove-avec-deux-balcons-ref-39439459
Thonon,venda,,219.0,,,,1802.0,,,BARNES Léman Thonon,https://www.barnes-leman.com/en/luxury-real-estate/thonon-les-bains-74200/house/house-thonon-les-bains-219-m2-4-bedrooms-579
Thonon,venda,,141.0,,,,1601.0,,,BARNES Léman Thonon,https://www.barnes-leman.com/en/luxury-real-estate/thonon-les-bains-74200/house/house-thonon-les-bains-141-m2-3-bedrooms-500
Evian,venda,Comercial,170.0,,0,0,,,,Nestenn Évian,https://immobilier-evian-les-bains.nestenn.com/local-commercial-169-m-evian-les-bains-ref-39623723
Evian,venda,Comercial,70.0,,0,0,,,,Nestenn Évian,https://immobilier-evian-les-bains.nestenn.com/fonds-de-commerce-emplacement-n1-evian-ref-39442604
Evian,venda,Apartamento,51.0,,2,1,,,,Nestenn Évian,https://immobilier-evian-les-bains.nestenn.com/superbe-t2-lumineux-avec-vue-lac-proche-centre-et-embarcadere-ref-39502529
Evian,venda,Apartamento,77.0,,3,2,,,,Nestenn Évian,https://immobilier-evian-les-bains.nestenn.com/a-vendre-a-evian-les-bains-t3-recent-2023-avec-grand-jardin-garage-ref-39584236
Evian,venda,,137.0,,,,2479.0,,,BARNES Léman Évian,https://www.barnes-leman.com/en/luxury-real-estate/evian-les-bains-74500/house/house-evian-les-bains-137-m2-5-bedrooms-835
Evian,venda,Casa,550.0,,10,8,,,,Nestenn Évian,https://immobilier-evian-les-bains.nestenn.com/maison-de-prestige-evian-les-bains-quartier-des-mateirons-ref-39588023
Evian,venda,Apartamento,30.0,,1,0,,,,Nestenn Évian,https://immobilier-evian-les-bains.nestenn.com/grand-studio-a-vendre-a-evian-les-bains-ref-39444249
Evian,venda,Apartamento,48.0,,2,1,,,,Nestenn Évian,https://immobilier-evian-les-bains.nestenn.com/programme-neuf-evian-les-bains-du-t2-au-t4-ref-39323663
Thonon,venda,,,,,,,,,Cap Terrains Immo,https://capterrainsimmo.fr/bien/nangy-maison-86939046/
Evian,venda,,48.0,,2,1,,,,Nestenn Évian,https://immobilier-evian-les-bains.nestenn.com/programme-neuf-evian-les-bains-du-t2-au-t4-ref-39323645
Evian,venda,Apartamento,89.0,,4,3,,,,Nestenn Évian,https://immobilier-evian-les-bains.nestenn.com/avant-premiere-residence-alvea-a-evian-les-bains-ref-39323972
Evian,venda,Apartamento,58.0,,3,2,,,,Nestenn Évian,https://immobilier-evian-les-bains.nestenn.com/programme-neuf-evian-les-bains-du-t2-au-t4-ref-39323966
Thonon,venda,,,,,,,,,Cap Terrains Immo,https://capterrainsimmo.fr/bien/marin-maison-86918412/
Thonon,venda,,,,,,,,,Cap Terrains Immo,https://capterrainsimmo.fr/bien/perrignier-maison-86759493/
Thonon,venda,,,,,,,,,Cap Terrains Immo,https://capterrainsimmo.fr/bien/armoy-maison-86694750/
Thonon,venda,,,,,,,,,Cap Terrains Immo,https://capterrainsimmo.fr/bien/armoy-maison-86663893/
Thonon,venda,,,,,,,,,Cap Terrains Immo,https://capterrainsimmo.fr/bien/armoy-maison-86664813/
Thonon,venda,,,,,,,,,Cap Terrains Immo,https://capterrainsimmo.fr/bien/nangy-maison-86674342/
Thonon,venda,,,,,,,,,Cap Terrains Immo,https://capterrainsimmo.fr/bien/armoy-maison-86663647/
Evian,venda,Apartamento,50.0,,2,1,,,,Nestenn Évian,https://immobilier-evian-les-bains.nestenn.com/programme-neuf-evian-les-bains-du-t2-au-t4-ref-39323960
Evian,venda,Apartamento,48.0,,2,1,,,,Nestenn Évian,https://immobilier-evian-les-bains.nestenn.com/programme-neuf-evian-les-bains-du-t2-au-t4-ref-39323957
Thonon,venda,,,,,,,,,Cap Terrains Immo,https://capterrainsimmo.fr/bien/armoy-maison-86662564/
Thonon,venda,,,,,,,,,Cap Terrains Immo,https://capterrainsimmo.fr/bien/evian-les-bains-maison-86008434/
Thonon,venda,,,,,,,,,Cap Terrains Immo,https://capterrainsimmo.fr/bien/orcier-maison-85994262/
Evian,venda,,88.0,,,,2197.0,,,BARNES Léman Évian,https://www.barnes-leman.com/en/luxury-real-estate/evian-les-bains-74500/apartment/apartment-evian-les-bains-88-m2-3-bedrooms-851
Evian,venda,,97.0,,,,2192.0,,,BARNES Léman Évian,https://www.barnes-leman.com/en/luxury-real-estate/evian-les-bains-74500/apartment/apartment-evian-les-bains-97-m2-3-bedrooms-747
Thonon,venda,,,,,,,,,Cap Terrains Immo,https://capterrainsimmo.fr/bien/cervens-maison-85795515/
Evian,venda,,267.0,,,,2086.0,,,BARNES Léman Évian,https://www.barnes-leman.com/en/luxury-real-estate/evian-les-bains-74500/house/house-evian-les-bains-267-m2-3-bedrooms-836
Evian,venda,Apartamento,48.0,,0,1,,,,Nestenn Évian,https://immobilier-evian-les-bains.nestenn.com/programme-neuf-evian-les-bains-du-t2-au-t4-ref-39323689
Evian,venda,Apartamento,71.0,,3,2,,,,Nestenn Évian,https://immobilier-evian-les-bains.nestenn.com/centre-d-evian-grand-t3-dans-residence-recente-avec-ascenseur-parking-disponible-ref-39259091
Evian,venda,,3.65,,,,2186.0,,,BARNES Léman Évian,https://www.barnes-leman.com/en/luxury-real-estate/evian-les-bains-74500/land/land-neuvecelle-3-650-m2-741
Evian,venda,Apartamento,48.0,,2,1,,,,Nestenn Évian,https://immobilier-evian-les-bains.nestenn.com/programme-neuf-evian-les-bains-du-t2-au-t4-ref-39323649
Evian,venda,,29.0,,1,1,,,,Nestenn Évian,https://immobilier-evian-les-bains.nestenn.com/programme-neuf-thonon-les-bains-le-belvedere-du-leman-ref-38299617
Evian,venda,,232.0,,,,1331.0,,,BARNES Léman Évian,https://www.barnes-leman.com/en/luxury-real-estate/evian-les-bains-74500/apartment/apartment-evian-les-bains-232-m2-3-bedrooms-75
Thonon,venda,,,,,,,,,Cap Terrains Immo,https://capterrainsimmo.fr/bien/thonon-les-bains-maison-83541637/
Evian,venda,,131.0,,,,1663.0,,,BARNES Léman Évian,https://www.barnes-leman.com/en/luxury-real-estate/evian-les-bains-74500/apartment/apartment-evian-les-bains-131-m2-2-bedrooms-795
Thonon,venda,,,,,,,,,Dupraz Immobilier Thonon,https://www.dupraz-immobilier.com/ville_bien/fiches/3-33-28_60932385/thonon-les-bains-thuyset-appartement-t2-loue-ideal-investisseur.html
Thonon,venda,Apartamento,50.0,,,,262500.0,,,Leman Property Thonon,https://www.leman-property.com/vente/appartement/thonon-les-bains/appartement-t3-coup-de-coeur/
Evian,venda,,68.0,,,,1215.0,,,BARNES Léman Évian,https://www.barnes-leman.com/en/luxury-real-estate/evian-les-bains-74500/apartment/apartment-evian-les-bains-68-m2-2-bedrooms-57
Evian,venda,,305.0,,,,1154.0,,,BARNES Léman Évian,https://www.barnes-leman.com/en/luxury-real-estate/evian-les-bains-74500/property/house-evian-les-bains-305-m2-6-bedrooms-805
Thonon,venda,,,,,,,,,Dupraz Immobilier Thonon,https://www.dupraz-immobilier.com/ville_bien/fiches/4-40-26_59086856/grande-maison-familiale-a-concise-terrain-1100m2.html
Thonon,venda,,,,,,,,,Dupraz Immobilier Thonon,https://www.dupraz-immobilier.com/ville_bien/fiches/4-40-26_60299280/maison-familiale-lumineuse-a-thonon-les-bains-ouest.html
Thonon,venda,,255.0,,,,,,,BARNES Léman Thonon,https://www.barnes-leman.com/en/luxury-real-estate/thonon-les-bains-74200/house/house-thonon-les-bains-320-m2-5-bedrooms-660
Evian,venda,,228.0,,,,1636.0,,,BARNES Léman Évian,https://www.barnes-leman.com/en/luxury-real-estate/evian-les-bains-74500/house/house-neuvecelle-228-m2-6-bedrooms-773
Evian,venda,,123.0,,,,2485.0,,,BARNES Léman Évian,https://www.barnes-leman.com/en/luxury-real-estate/evian-les-bains-74500/house/house-evian-les-bains-123-m2-3-bedrooms-834
Thonon,venda,,,,,,,,,Cap Terrains Immo,https://capterrainsimmo.fr/bien/champanges-maison-85765222/
Thonon,venda,,,,,,,,,TiT Immobilier,https://tit-immobilier.com/fr/propri%C3%A9t%C3%A9/87144118
Thonon,venda,Casa,100.0,,,,2288000.0,,,Leman Property Thonon,https://www.leman-property.com/vente/maison/thonon-les-bains/thonon-les-bains-pieds-dans-leau-ponton-prive-et-bouee-a-bateau/
Thonon,venda,Casa,240.2,,,,,,,TiT Immobilier,https://tit-immobilier.com/fr/propri%C3%A9t%C3%A9/86679400
Thonon,venda,,261.0,,,,599000.0,,,Leman Property Thonon,https://www.leman-property.com/vente/autre/thonon-les-bains/local-commercial-centre-ville/
Thonon,venda,Casa,227.0,,,,1399000.0,,,Leman Property Thonon,https://www.leman-property.com/vente/maison/thonon-les-bains/thonon-corzent-villa-de-227-m2-avec-t2-independant/
Evian,venda,,63.0,,,,2526.0,,,BARNES Léman Évian,https://www.barnes-leman.com/en/luxury-real-estate/evian-les-bains-74500/apartment/apartment-evian-les-bains-63-m2-2-bedrooms-856
Evian,venda,,80.0,,,,2383.0,,,BARNES Léman Évian,https://www.barnes-leman.com/en/luxury-real-estate/evian-les-bains-74500/apartment/apartment-evian-les-bains-80-m2-2-bedrooms-810
Evian,venda,,161.0,,,,1958.0,,,BARNES Léman Évian,https://www.barnes-leman.com/en/luxury-real-estate/evian-les-bains-74500/house/house-evian-les-bains-161-m2-4-bedrooms-649
Evian,venda,Apartamento,133.55,,,,,,,Agence Lehmann,https://lehmann-immo.com/fr/propriete/vente+appartement+thonon-les-bains+local-hyper-centre-thonon+84937413
Evian,venda,Apartamento,66.44,,,,,,,Agence Lehmann,https://lehmann-immo.com/fr/propriete/vente+appartement+thonon-les-bains+appartement-moderne-t3-a-thonon-les-bains+87100377
Evian,venda,Apartamento,,,,,,,,Agence Lehmann,https://lehmann-immo.com/fr/propriete/vente+appartement+evian-les-bains+programme-neuf-evian+86834937
Evian,venda,Apartamento,42.39,,,,,,,Agence Lehmann,https://lehmann-immo.com/fr/propriete/vente+appartement+thonon-les-bains+appartement-moderne-t2-a-thonon-les-bains+87095867
Evian,venda,Apartamento,61.22,,,,,,,Agence Lehmann,https://lehmann-immo.com/fr/propriete/vente+appartement+thonon-les-bains+87286557
Thonon,venda,Apartamento,46.0,,,,188600.0,,,Agence Barnoud Thonon,https://www.barnoud-immobilier.fr/vente/74-haute-savoie/1-thonon-les-bains/2-appartement/t2/11354-appartement-de-type-2-a-vendre-a-thonon-les-bains/
Thonon,venda,Apartamento,51.15,,,,215000.0,,,Agence Barnoud Thonon,https://www.barnoud-immobilier.fr/vente/74-haute-savoie/1-thonon-les-bains/2-appartement/t2/11274-appartement-t2-51-15m/
Thonon,venda,Casa,117.79,,,,635500.0,,,Agence Barnoud Thonon,https://www.barnoud-immobilier.fr/vente/74-haute-savoie/1-thonon-les-bains/1-maison/t6/11010-le-confort-d-une-maison-contemporaine-aux-portes-du-lac-leman/
Thonon,venda,Apartamento,27.39,,,,140000.0,,,Agence Barnoud Thonon,https://www.barnoud-immobilier.fr/vente/74-haute-savoie/1-thonon-les-bains/2-appartement/t1/10775-studio-avec-terrasse-et-place-de-parking-a-acheter-a-thonon-les-bains/
Thonon,venda,Apartamento,52.04,,,,250000.0,,,Agence Barnoud Thonon,https://www.barnoud-immobilier.fr/vente/74-haute-savoie/1-thonon-les-bains/2-appartement/t2/10682-rez-jardin-17-54m-au-calme-t2-52m/
Thonon,venda,Apartamento,47.8,,,,165000.0,,,Agence Barnoud Thonon,https://www.barnoud-immobilier.fr/vente/74-haute-savoie/1-thonon-les-bains/2-appartement/t2/10517-a-thonon-les-bains-grand-appartement-a-acheter-avec-balcon/
Thonon,venda,Apartamento,100.65,,,,350000.0,,,Agence Barnoud Thonon,https://www.barnoud-immobilier.fr/vente/74-haute-savoie/1-thonon-les-bains/2-appartement/t4/10465-a-vendre-au-centre-ville-de-thonon-les-bains-grand-appartement-avec-balcon/
Thonon,venda,Apartamento,69.52,,,2,229000.0,,,Agence Barnoud Thonon,https://www.barnoud-immobilier.fr/vente/74-haute-savoie/1-thonon-les-bains/2-appartement/t3/9917-a-thonon-les-bains-appartement-a-acheter-avec-2-chambres/
Thonon,venda,Apartamento,71.85,,,,225000.0,,,Agence Barnoud Thonon,https://www.barnoud-immobilier.fr/vente/74-haute-savoie/1-thonon-les-bains/2-appartement/t4/9874-thonon-appartement-t4/
Thonon,venda,Apartamento,48.91,,,,175000.0,,,Agence Barnoud Thonon,https://www.barnoud-immobilier.fr/vente/74-haute-savoie/1-thonon-les-bains/2-appartement/t2/9852-appartement-a-vendre-dernier-etage-a-thonon-les-bains/
Evian,venda,Apartamento,67.5,,,,326500.0,,,Agence Barnoud Évian,https://www.barnoud-immobilier.fr/vente/74-haute-savoie/2-evian-les-bains/2-appartement/t3/11190-proche-lac-et-centre-ville-pour-ce-t3/
Evian,venda,Apartamento,60.0,,,,335000.0,,,Agence Barnoud Évian,https://www.barnoud-immobilier.fr/vente/74-haute-savoie/2-evian-les-bains/2-appartement/t2/10698-t2-60-m-vue-lac-parking-hyper-centre-evian-les-bains/
Evian,venda,,,,,,958523500.0,,,Agence Barnoud Évian,https://www.barnoud-immobilier.fr/vente/74-haute-savoie/2-evian-les-bains/15-garage/10446-a-vendre-garage-a-evian-les-bains/
Thonon,venda,,,,,,,,,Dupraz Immobilier Thonon,https://www.dupraz-immobilier.com/ville_bien/fiches/3-33-29_60896304/t3-de-76-m2-avec-terrasse-de-25-m2-garage-cave-et-stationnement.html
Evian,venda,Apartamento,124.11,,,,,,,Cabinet Greneche,https://grenecheimmo.fr/fr/propriete/vente+appartement+thonon-les-bains+t4-neuf-dernier-etage-thonon-les-bains+87034948
Evian,venda,Apartamento,109.93,,,,,,,Cabinet Greneche,https://grenecheimmo.fr/fr/propriete/vente+appartement+thonon-les-bains+appartement-t4-neuf+86974022
Evian,venda,Apartamento,126.0,,,,,,,Cabinet Greneche,https://grenecheimmo.fr/fr/propriete/vente+appartement+evian-les-bains+spacieux-t2-evian+86760575
Evian,venda,Apartamento,76.28,,,,,,,Cabinet Greneche,https://grenecheimmo.fr/fr/propriete/vente+appartement+evian-les-bains+t3-evian-face-embarcadere+86708984
Evian,venda,Apartamento,112.0,,4,3,,,,Cabinet Greneche,https://grenecheimmo.fr/fr/propriete/vente+appartement+thonon-les-bains+appartement-4-pieces-local-entrepot-artisanal-thonon-les-bains+86641773
Evian,venda,Apartamento,10.98,,,,,,,Agence Lehmann,https://lehmann-immo.com/fr/propriete/vente+appartement+thonon-les-bains+charmant-studio-meuble-au-centre-de-thonon-les-bains+87303764
Evian,venda,Apartamento,95.0,,,,,,,Cabinet Greneche,https://grenecheimmo.fr/fr/propriete/vente+appartement+evian-les-bains+t3-evian-centre-ville+86400014
Thonon,venda,,,,,,,,,Cap Terrains Immo,https://capterrainsimmo.fr/bien/publier-maison-83000816/
Evian,venda,,96.0,,,,,,,Cabinet Greneche,https://grenecheimmo.fr/fr/propriete/vente+locaux-d-activite-entrepots+thonon-les-bains+local-entrepot-artisanal-thonon-les-bains+86341356
Evian,venda,Apartamento,112.0,,4,3,,,,Cabinet Greneche,https://grenecheimmo.fr/fr/propriete/vente+appartement+thonon-les-bains+duplex-4-pieces-thonon-les-bains+85982874
Evian,venda,Casa,240.0,,8,6,,,,Cabinet Greneche,https://grenecheimmo.fr/fr/propriete/vente+maison+thonon-les-bains+maison-8-pieces-6-chambres-thonon-les-bains+85941905
Evian,venda,Apartamento,82.0,,4,,,,,Agence Lehmann,https://lehmann-immo.com/fr/propriete/vente+appartement+thonon-les-bains+bel-appartement-4-pieces-avec-jardin-a-thonon-les-bains+87306178
Evian,venda,Apartamento,,,,,,,,Agence Lehmann,https://lehmann-immo.com/fr/propriete/vente+appartement+thonon-les-bains+t4-attique-thonon+86050540
Evian,venda,Apartamento,154.13,,,,,,,Agence Lehmann,https://lehmann-immo.com/fr/propriete/vente+appartement+thonon-les-bains+proche-gare-centre-ville+83436628
Evian,venda,Apartamento,66.53,,3,,,,,Agence Lehmann,https://lehmann-immo.com/fr/propriete/vente+appartement+thonon-les-bains+bel-appartement-3-pieces-moderne-a-thonon-les-bains+87095945
Thonon,venda,Apartamento,28.0,,,,134000.0,,,Leman Property Thonon,https://www.leman-property.com/vente/appartement/thonon-les-bains/appartement-t2-avec-bon-rendement-locatif-plein-centre-ville/
Thonon,venda,Apartamento,40.0,,,,249000.0,,,Leman Property Thonon,https://www.leman-property.com/vente/appartement/thonon-les-bains/thonon-les-bains-t2-duplex-renove-vue-lac/
Thonon,venda,Apartamento,48.0,,,,209000.0,,,Leman Property Thonon,https://www.leman-property.com/vente/appartement/thonon-les-bains/appartement-t2-thonon-les-bains/
Evian,venda,Apartamento,84.0,,,,485000.0,,,Leman Property Évian,https://www.leman-property.com/vente/appartement/evian-les-bains/appartement-4-pieces-avec-jardin-a-neuvecelle/
Evian,venda,Apartamento,81.0,,,,400000.0,,,Leman Property Évian,https://www.leman-property.com/vente/appartement/evian-les-bains/maison-mitoyenne-80-m2/
Evian,venda,Casa,161.0,,,,1550000.0,,,Leman Property Évian,https://www.leman-property.com/vente/maison/evian-les-bains/cottage-entierement-renove-dans-un-quartier-devian-tres-prise/
Evian,venda,Apartamento,60.0,,,,160000.0,,,Leman Property Évian,https://www.leman-property.com/vente/appartement/evian-les-bains/evian-les-bains-appartement-a-renover/
Evian,venda,Apartamento,96.0,,,,530000.0,,,Leman Property Évian,https://www.leman-property.com/vente/appartement/evian-les-bains/appartement-t4-rez-de-jardin-evian-les-bains/
Evian,venda,,120.0,,,,348000.0,,,Leman Property Évian,https://www.leman-property.com/vente/autre/evian-les-bains/rare-opportunite-bureau-neuf-vue-lac/
Evian,venda,,63.0,,,,0.0,,,Evian Sotheby's International Realty,https://www.evian-sothebysrealty.com/en/annonces/ref-ev1-1360/sale-apartment-evian-les-bains-3-rooms-2-bedrooms-74500/
Evian,venda,,210.0,,,,0.0,,,Evian Sotheby's International Realty,https://www.evian-sothebysrealty.com/en/annonces/ref-ev1-1364/sale-apartment-evian-les-bains-5-rooms-4-bedrooms-74500/
Thonon,venda,Apartamento,63.0,,3,,270000.0,,,A&P Immobilier,https://www.immobilierapi.com/vente/1-thonon-les-bains/appartement/t3/894-thonon-les-bains-nouvelle-exclusivite-t3-en-rez-de-jardin-a-decouvrir/
Thonon,venda,Apartamento,110.0,,5,,540000.0,,,A&P Immobilier,https://www.immobilierapi.com/vente/1-thonon-les-bains/appartement/t5/885-thonon-les-bains-t4-neuf-de-110-m2-au-dernier-etage/
Thonon,venda,,,,,,,,,Cap Terrains Immo,https://capterrainsimmo.fr/bien/thonon-les-bains-maison-85099228/
Thonon,venda,Apartamento,121.0,,6,,495000.0,,,A&P Immobilier,https://www.immobilierapi.com/vente/1-thonon-les-bains/duplex/t6/880-thonon-les-bains-appartement-t6-plein-centre-ville-un-bien-rare-a-decouvrir-en-exclusivite/
Thonon,venda,Apartamento,68.0,,3,,264000.0,,,A&P Immobilier,https://www.immobilierapi.com/vente/1-thonon-les-bains/appartement/t3/864-thonon-les-bains-magnifique-appartement-t3-en-centre-au-calme-a-saisir/
Thonon,venda,Apartamento,44.3,,2,,129000.0,,,A&P Immobilier,https://www.immobilierapi.com/vente/1-thonon-les-bains/appartement/t2/853-thonon-les-bains-a-vendre-appartement-en-plateau-brut-a-amenager-parking-et-cave-thonon-ouest/
Thonon,venda,Apartamento,63.6,,3,,205000.0,,,A&P Immobilier,https://www.immobilierapi.com/vente/1-thonon-les-bains/appartement/t3/806-t3-a-fort-potentiel-thonon-les-bains-parking-et-cave-thonon-ouest/
Thonon,venda,Apartamento,49.0,,1,,109000.0,,,A&P Immobilier,https://www.immobilierapi.com/vente/1-thonon-les-bains/appartement/t1/805-a-vendre-appartement-brut-a-amenager-thonon-les-bains-parking-et-cave-thonon-ouest/
Thonon,venda,Apartamento,121.68,,5,,849000.0,,,A&P Immobilier,https://www.immobilierapi.com/vente/1-thonon-les-bains/appartement/t5/804-a-vendre-grand-duplex-thonon-les-bains/
Thonon,venda,Apartamento,65.42,,3,2,,,,Christelle Vannier Immobilier,https://cvannier-immobilier.com/fr/propriete/vente+appartement+thonon-les-bains+exclusivite-t3-en-rez-de-jardin-avec-garage+87300076
Thonon,venda,Apartamento,85.92,,4,3,,,,Christelle Vannier Immobilier,https://cvannier-immobilier.com/fr/propriete/vente+appartement+thonon-les-bains+appartement-t3-thonon-les-bains-concise+87257451
Thonon,venda,Apartamento,65.0,,3,2,,,,Christelle Vannier Immobilier,https://cvannier-immobilier.com/fr/propriete/vente+appartement+thonon-les-bains+exclusivite-t3-en-duplex+87254132
Thonon,venda,Apartamento,55.35,,3,2,,,,Christelle Vannier Immobilier,https://cvannier-immobilier.com/fr/propriete/vente+appartement+thonon-les-bains+exclusivite-appartement-t3-thonon-les-bains+87186571
Thonon,venda,Apartamento,21.0,,1,,,,,Christelle Vannier Immobilier,https://cvannier-immobilier.com/fr/propriete/vente+appartement+thonon-les-bains+exclusivite-nouveaute+87032206
Thonon,venda,Apartamento,91.83,,4,4,,,,Christelle Vannier Immobilier,https://cvannier-immobilier.com/fr/propriete/vente+appartement+thonon-les-bains+thonon-les-bains-t4-avec-loggia-et-vue-montagnes+86973545
Thonon,venda,Apartamento,43.6,,2,1,,,,Christelle Vannier Immobilier,https://cvannier-immobilier.com/fr/propriete/vente+appartement+thonon-les-bains+exclusivite-t2-centre-ville-thonon-les-bains+86925991
Thonon,venda,Apartamento,68.98,,3,2,,,,Christelle Vannier Immobilier,https://cvannier-immobilier.com/fr/propriete/vente+appartement+thonon-les-bains+exclusivite-appartement-t3-avec-garage-+86909438
Thonon,venda,Apartamento,1450.0,,4,3,,,,Christelle Vannier Immobilier,https://cvannier-immobilier.com/fr/propriete/vente+maison+thonon-les-bains+nouveaute-villa-individuelle-t4-sur-1450-m-terrain-+86841537
Thonon,venda,Apartamento,40.0,,2,1,,,,Christelle Vannier Immobilier,https://cvannier-immobilier.com/fr/propriete/vente+appartement+thonon-les-bains+exclusivite-appartement-de-type-2-avec-cave+86737083
Thonon,venda,Apartamento,114.0,,4,3,,,,Christelle Vannier Immobilier,https://cvannier-immobilier.com/fr/propriete/vente+appartement+thonon-les-bains+exclusivite-grand-t4-de-114m-garage-et-parking+86690288
Thonon,venda,Apartamento,72.0,,4,3,,,,Christelle Vannier Immobilier,https://cvannier-immobilier.com/fr/propriete/vente+appartement+thonon-les-bains+special-investissement-t4-thonon-centre-ville+86649876
Thonon,venda,Apartamento,83.55,,4,3,,,,Christelle Vannier Immobilier,https://cvannier-immobilier.com/fr/propriete/vente+appartement+thonon-les-bains+appartement-de-type-4-avec-2-places-de-parking-en-sous-sol+86648754
Thonon,venda,,,,,,,,,Ripaille Immobilier,https://www.ripaille-immobilier.com/portfolio/villa-individuelle-avec-piscine-proche-du-parc-de-la-chataigneraie-et-de-la-plage-de-saint-disdille/
Thonon,venda,Apartamento,40.25,,2,1,,,,Christelle Vannier Immobilier,https://cvannier-immobilier.com/fr/propriete/vente+appartement+thonon-les-bains+appartement-t2-thonon-les-bains+86380593
Thonon,venda,Casa,180.8,,9,5,,,,Christelle Vannier Immobilier,https://cvannier-immobilier.com/fr/propriete/vente+maison+thonon-les-bains+thonon-propriete-au-calme+86183160
Thonon,venda,Apartamento,132.92,,4,3,,,,Christelle Vannier Immobilier,https://cvannier-immobilier.com/fr/propriete/vente+appartement+evian-les-bains+centre-evian-les-bains-t4-attique-vue-lac+86118475
Thonon,venda,Apartamento,66.0,,3,2,,,,Christelle Vannier Immobilier,https://cvannier-immobilier.com/fr/propriete/vente+appartement+thonon-les-bains+appartement-de-type-3-a-thonon-les-bains+85757383
Thonon,venda,Apartamento,62.0,,3,2,,,,Christelle Vannier Immobilier,https://cvannier-immobilier.com/fr/propriete/vente+appartement+thonon-les-bains+appartement-t3-thonon-centre-ville+85078596
Thonon,venda,Casa,,,3,,,,,Ripaille Immobilier,https://www.ripaille-immobilier.com/portfolio/villas-3-pieces/
Thonon,venda,Casa,,,4,,,,,Ripaille Immobilier,https://www.ripaille-immobilier.com/portfolio/villas-4-pieces/
Thonon,venda,Apartamento,,,,,,,,Ripaille Immobilier,https://www.ripaille-immobilier.com/portfolio/studios
Thonon,venda,Apartamento,,,2,,,,,Ripaille Immobilier,https://www.ripaille-immobilier.com/portfolio/appartements-2-pieces
Thonon,venda,Apartamento,,,3,,,,,Ripaille Immobilier,https://www.ripaille-immobilier.com/portfolio/appartements-3-pieces
Thonon,venda,,,,,,,,,Ripaille Immobilier,https://www.ripaille-immobilier.com/portfolio/3-pieces-dangle-a-proximite-du-delta-de-la-danse/
Thonon,venda,,,,,,,,,Ripaille Immobilier,https://www.ripaille-immobilier.com/portfolio/4-pieces-dangle-aux-colverts/
Thonon,venda,,,,,,,,,Ripaille Immobilier,https://www.ripaille-immobilier.com/portfolio/port-ripaille-thonon-studio-mezzanine-aux-martins-pecheurs/
Thonon,venda,,,,,,,,,Ripaille Immobilier,https://www.ripaille-immobilier.com/portfolio/port-ripaille-thonon-2-pieces-aux-mouettes/
Thonon,venda,,,,,,,,,Ripaille Immobilier,https://www.ripaille-immobilier.com/portfolio/port-ripaille-thonon-les-bains-2-pieces-aux-martins-pecheurs/
Thonon,venda,,,,,,,,,Ripaille Immobilier,https://www.ripaille-immobilier.com/portfolio/studio-rez-de-jardin/
Thonon,venda,,,,,,,,,Ripaille Immobilier,https://www.ripaille-immobilier.com/portfolio/villa-trois-pieces-avec-beaux-volumes/
Thonon,venda,,,,,,,,,Ripaille Immobilier,https://www.ripaille-immobilier.com/portfolio/port-ripaille-villa-quatre-pieces-dangle/
Thonon,venda,,,,,,,,,Cap Terrains Immo,https://capterrainsimmo.fr/bien/thonon-les-bains-appartement-86709010/
Thonon,venda,,,,,,,,,Cap Terrains Immo,https://capterrainsimmo.fr/bien/thonon-les-bains-appartement-86494460/
Thonon,venda,,,,,,,,,Cap Terrains Immo,https://capterrainsimmo.fr/bien/sciez-appartement-86192109/
Thonon,venda,,,,,,,,,Cap Terrains Immo,https://capterrainsimmo.fr/bien/anthy-sur-leman-appartement-85972554/
Thonon,venda,,,,,,,,,Cap Terrains Immo,https://capterrainsimmo.fr/bien/anthy-sur-leman-appartement-85972622/
Thonon,venda,,,,,,,,,Cap Terrains Immo,https://capterrainsimmo.fr/bien/anthy-sur-leman-appartement-85978308/
Thonon,venda,,,,,,,,,Cap Terrains Immo,https://capterrainsimmo.fr/bien/thonon-les-bains-appartement-85963223/
Thonon,venda,,,,,,,,,Cap Terrains Immo,https://capterrainsimmo.fr/bien/thonon-les-bains-appartement-85347805/
Thonon,venda,,,,,,,,,Cap Terrains Immo,https://capterrainsimmo.fr/bien/thonon-les-bains-appartement-85771888/
Thonon,venda,,,,,,,,,Cap Terrains Immo,https://capterrainsimmo.fr/bien/thonon-les-bains-appartement-85790284/
Thonon,venda,,,,,,,,,Cap Terrains Immo,https://capterrainsimmo.fr/bien/sciez-appartement-85096560/
Thonon,venda,,,,,,,,,Cap Terrains Immo,https://capterrainsimmo.fr/bien/bons-en-chablais-appartement-84960664/
Thonon,venda,,,,,,,,,Cap Terrains Immo,https://capterrainsimmo.fr/bien/sciez-appartement-84588821/
Thonon,venda,,,,,,,,,Cap Terrains Immo,https://capterrainsimmo.fr/bien/sciez-appartement-84305247/
Thonon,venda,,,,,,,,,Cap Terrains Immo,https://capterrainsimmo.fr/bien/thonon-les-bains-appartement-84293254/
Thonon,venda,,,,,,,,,Cap Terrains Immo,https://capterrainsimmo.fr/bien/abondance-appartement-84171973/
Thonon,venda,,,,,,,,,Cap Terrains Immo,https://capterrainsimmo.fr/bien/thonon-les-bains-appartement-84124603/
Thonon,venda,,,,,,,,,Cap Terrains Immo,https://capterrainsimmo.fr/bien/thonon-les-bains-appartement-84127286/
Thonon,venda,,,,,,,,,Cap Terrains Immo,https://capterrainsimmo.fr/bien/thonon-les-bains-appartement-83817811/
Thonon,venda,,,,,,,,,Cap Terrains Immo,https://capterrainsimmo.fr/bien/thonon-les-bains-appartement-82301298/
Thonon,venda,,,,,,,,,Cap Terrains Immo,https://capterrainsimmo.fr/bien/thonon-les-bains-appartement-82301295/
Thonon,venda,,,,,,,,,Cap Terrains Immo,https://capterrainsimmo.fr/bien/thonon-les-bains-appartement-82301296/
Thonon,venda,,,,,,,,,Cap Terrains Immo,https://capterrainsimmo.fr/bien/nangy-maison-87292150/
Thonon,venda,,,,,,,,,Cap Terrains Immo,https://capterrainsimmo.fr/bien/lyaud-maison-86186653/
Thonon,venda,,,,,,,,,Cap Terrains Immo,https://capterrainsimmo.fr/bien/lyaud-maison-87110209/
Thonon,venda,,,,,,,,,Cap Terrains Immo,https://capterrainsimmo.fr/bien/allinges-maison-87060878/
Thonon,venda,,110.0,,,,2335.0,,,BARNES Léman Thonon,https://www.barnes-leman.com/en/luxury-real-estate/thonon-les-bains-74200/apartment/penthouse-thonon-les-bains-110-m2-3-bedrooms-797
Thonon,venda,,,,,,,,,Cap Terrains Immo,https://capterrainsimmo.fr/bien/nernier-terrain-87209292/
Thonon,venda,,,,,,,,,Cap Terrains Immo,https://capterrainsimmo.fr/bien/allinges-terrain-84386582/
Thonon,venda,,,,,,,,,Cap Terrains Immo,https://capterrainsimmo.fr/bien/allinges-terrain-84413693/
Thonon,venda,,,,,,,,,Cap Terrains Immo,https://capterrainsimmo.fr/bien/anthy-sur-leman-terrain-84015143/
Thonon,venda,,,,,,,,,Cap Terrains Immo,https://capterrainsimmo.fr/bien/anthy-sur-leman-terrain-84015002/
Thonon,venda,,,,,,,,,Cap Terrains Immo,https://capterrainsimmo.fr/bien/margencel-terrain-83161978/
Thonon,venda,,,,,,,,,Cap Terrains Immo,https://capterrainsimmo.fr/bien/anthy-sur-leman-terrain-82403580/
Thonon,venda,,,,,,,,,Cap Terrains Immo,https://capterrainsimmo.fr/bien/margencel-terrain-82368577/
Thonon,venda,,,,,,,,,Cap Terrains Immo,https://capterrainsimmo.fr/bien/draillant-terrain-86398993/
Thonon,venda,,,,,,,,,Cap Terrains Immo,https://capterrainsimmo.fr/bien/draillant-terrain-86399061/
Thonon,venda,,,,,,,,,Cap Terrains Immo,https://capterrainsimmo.fr/bien/margencel-terrain-82369615/
Thonon,venda,,,,,,,,,Cap Terrains Immo,https://capterrainsimmo.fr/bien/messery-terrain-84942963/
Thonon,venda,,,,,,,,,Cap Terrains Immo,https://capterrainsimmo.fr/bien/anthy-sur-leman-terrain-82403634/
Thonon,venda,,,,,,,,,Cap Terrains Immo,https://capterrainsimmo.fr/bien/allinges-terrain-84413541/
Thonon,venda,,,,,,,,,Cap Terrains Immo,https://capterrainsimmo.fr/bien/anthy-sur-leman-terrain-84015019/
Evian,venda,,294.0,,,,2514.0,,,BARNES Léman Évian,https://www.barnes-leman.com/en/luxury-real-estate/evian-les-bains-74500/house/house-evian-les-bains-294-m2-7-bedrooms-847
Evian,venda,,97.0,,,,2484.0,,,BARNES Léman Évian,https://www.barnes-leman.com/en/luxury-real-estate/evian-les-bains-74500/house/house-evian-les-bains-97-m2-3-bedrooms-833
Evian,venda,,433.0,,,,2323.0,,,BARNES Léman Évian,https://www.barnes-leman.com/en/luxury-real-estate/evian-les-bains-74500/house/house-evian-les-bains-433-m2-8-bedrooms-785
Evian,venda,Apartamento,74.0,,,,,,,Cabinet Greneche,https://grenecheimmo.fr/fr/propriete/vente+appartement+evian-les-bains+evian-les-bains-t2-en-souplex+87293704
Evian,venda,Apartamento,67.0,,,,,,,Cabinet Greneche,https://grenecheimmo.fr/fr/propriete/vente+appartement+evian-les-bains+appartement-t3-evian-les-bains-proche-embarcadere+87280471
Thonon,venda,Apartamento,96.0,,4,3,598000.0,,,Laforêt Thonon-Évian,https://www.laforet.com/agence-immobiliere/thonon-evian/acheter/thonon-les-bains/appartement-4-pieces-52784559
Thonon,venda,Apartamento,75.0,,3,2,210000.0,,,Laforêt Thonon-Évian,https://www.laforet.com/agence-immobiliere/thonon-evian/acheter/thonon-les-bains/appartement-3-pieces-52402655
Thonon,venda,Apartamento,68.0,,3,2,397000.0,,,Laforêt Thonon-Évian,https://www.laforet.com/agence-immobiliere/thonon-evian/acheter/thonon-les-bains/appartement-3-pieces-52232515
Thonon,venda,,194.0,,,,490000.0,,,Leman Property Thonon,https://www.leman-property.com/vente/autre/thonon-les-bains/local-dactivite-commercial-de-194-m2-thonon-les-bains/
Thonon,venda,Apartamento,124.0,,6,,602500.0,,,A&P Immobilier,https://www.immobilierapi.com/vente/1-thonon-les-bains/appartement/t6/887-thonon-les-bains-t4-neuf-de-124m2-en-attique/
Thonon,venda,Apartamento,130.0,,6,,515000.0,,,A&P Immobilier,https://www.immobilierapi.com/vente/1-thonon-les-bains/appartement/t6/881-thonon-les-bains-appartement-t6-de-120m2-en-duplex-hyper-centre-ville-avec-garage-et-parking/
Thonon,venda,Casa,125.0,,7,3,,,,Christelle Vannier Immobilier,https://cvannier-immobilier.com/fr/propriete/vente+maison+thonon-les-bains+exclusivite-nouveaute+87067200
Thonon,venda,Apartamento,83.8,,4,3,,,,Christelle Vannier Immobilier,https://cvannier-immobilier.com/fr/propriete/vente+appartement+thonon-les-bains+exclusivite-nouveaute-t4-avec-jardin-garage-et-cave+87049047
Thonon,venda,Apartamento,87.33,,4,3,,,,Christelle Vannier Immobilier,https://cvannier-immobilier.com/fr/propriete/vente+appartement+thonon-les-bains+appartement-t4-en-attique-residence-neuve+86566650
Thonon,venda,Apartamento,65.0,,3,2,,,,Christelle Vannier Immobilier,https://cvannier-immobilier.com/fr/propriete/vente+appartement+thonon-les-bains+exclusivite-appartement-type-3-avec-garage+84395461
Thonon,venda,,,,,,,,,Ripaille Immobilier,https://www.ripaille-immobilier.com/portfolio/villa-dangle-avec-cave-et-vue-sur-le-leman-disposant-de-plusieurs-places-damarrage/
